series_id;N-BEATS_MAE;N-BEATS_RMSE;N-HiTS_MAE;N-HiTS_RMSE;Proposed Model_MAE;Proposed Model_RMSE
Adenovirus;0.1057428121566772;0.1128619270519919;0.0905840992927551;0.0980024882376459;0.126164972782135;0.172880247499187
HCOV;0.033119611442089;0.0437955625752525;0.0591763332486152;0.0694524695688792;0.0720446854829788;0.0846063989972781
HMPV;0.3031257316470146;0.3221529643396228;0.095820352435112;0.1077022142822562;0.2569905072450638;0.2596592144414525
PIV;0.2233436107635498;0.2561785811554986;0.2151345014572143;0.2395967833558797;0.3307448625564575;0.3971654177556997
RSV;0.0682327151298523;0.0837227539721439;0.0901109725236892;0.1020687570309773;0.0705550760030746;0.0905565921444141
RV/EV;0.7351188659667969;0.8878943839507794;0.4530425071716308;0.5729427129687907;0.4315104484558105;0.4614588748770376
